initiative_id,title,description,portfolio_category,initiative_type,strategic_objective,business_owner,delivery_owner,sponsor,lifecycle_stage,shaping_stage,priority,rag_status,confidence_level,start_date,target_end_date,last_update_date,progress_pct,budget,actual_cost,forecast_cost,expected_benefit,benefits_status,benefits_description,risk_exposure,dependency_ids,decision_required,next_milestone,next_milestone_date,data_quality_status,executive_summary,source_system_reference
INIT-001,Technology - API Gateway Modernisation Phase 2,Deliver strategic capabilities for api gateway modernisation to enhance operational resilience and control.,Technology,Programme,Scale Technology Enterprise Capabilities,Director of Technology Operations,Lead Delivery Mgr (Technology),Exec Sponsor (Technology),Active,Completed,High,RED,LOW,2025-01-15,2025-11-30,2025-03-20,36.0,1250000.0,1600000.0,1687500.0,2250000.0,ON_TRACK,Expected efficiency gains and risk reduction from API Gateway Modernisation.,HIGH,,True,Production Deployment,2025-06-30,VALIDATED,Initiative INIT-001 (Technology - API Gateway Modernisation Phase 2) is currently Active with RED status. Key focus is on schedule and delivery milestone execution.,JIRA-EXPORT-20250322-INIT-001
INIT-002,Data - Enterprise Metadata Catalog Phase 3,Deliver strategic capabilities for enterprise metadata catalog to enhance operational resilience and control.,Data,Project,Scale Data Enterprise Capabilities,Director of Data Operations,Lead Delivery Mgr (Data),Exec Sponsor (Data),Active,Completed,High,AMBER,MEDIUM,2025-01-15,2025-11-30,2025-03-20,52.0,880000.0,968000.0,985600.0,1584000.0,ON_TRACK,Expected efficiency gains and risk reduction from Enterprise Metadata Catalog.,MEDIUM,INIT-001,False,Production Deployment,2025-06-30,VALIDATED,Initiative INIT-002 (Data - Enterprise Metadata Catalog Phase 3) is currently Active with AMBER status. Key focus is on schedule and delivery milestone execution.,JIRA-EXPORT-20250322-INIT-002
INIT-003,AI - Automated Document Processing Phase 1,Deliver strategic capabilities for automated document processing to enhance operational resilience and control.,AI,Programme,Scale AI Enterprise Capabilities,Director of AI Operations,Lead Delivery Mgr (AI),Exec Sponsor (AI),Active,Completed,Medium,GREEN,HIGH,2025-01-15,2025-11-30,2025-03-20,43.0,1005000.0,1306500.0,1005000.0,1809000.0,ON_TRACK,Expected efficiency gains and risk reduction from Automated Document Processing.,LOW,INIT-002,False,Production Deployment,2025-06-30,EXCEPTIONS_FOUND,Initiative INIT-003 (AI - Automated Document Processing Phase 1) is currently Active with GREEN status. Key focus is on schedule and delivery milestone execution.,JIRA-EXPORT-20250322-INIT-003
INIT-004,Cyber Security - Vulnerability Management System Phase 2,Deliver strategic capabilities for vulnerability management system to enhance operational resilience and control.,Cyber Security,Project,Scale Cyber Security Enterprise Capabilities,Director of Cyber Security Operations,Lead Delivery Mgr (Cyber Security),Exec Sponsor (Cyber Security),Active,Completed,Medium,GREEN,HIGH,2025-01-15,2025-11-30,2025-03-20,44.0,1040000.0,434720.0,1040000.0,1872000.0,ON_TRACK,Expected efficiency gains and risk reduction from Vulnerability Management System.,LOW,INIT-003,False,Production Deployment,2025-06-30,VALIDATED,Initiative INIT-004 (Cyber Security - Vulnerability Management System Phase 2) is currently Active with GREEN status. Key focus is on schedule and delivery milestone execution.,JIRA-EXPORT-20250322-INIT-004
INIT-005,Fraud Prevention - Card Fraud Scoring Model Phase 3,Deliver strategic capabilities for card fraud scoring model to enhance operational resilience and control.,Fraud Prevention,Programme,Scale Fraud Prevention Enterprise Capabilities,Director of Fraud Prevention Operations,Lead Delivery Mgr (Fraud Prevention),Exec Sponsor (Fraud Prevention),Active,Completed,Medium,GREEN,HIGH,2025-01-15,2025-11-30,2025-03-20,45.0,1075000.0,459562.5,1075000.0,1935000.0,ON_TRACK,Expected efficiency gains and risk reduction from Card Fraud Scoring Model.,LOW,INIT-004,False,Production Deployment,2025-06-30,VALIDATED,Initiative INIT-005 (Fraud Prevention - Card Fraud Scoring Model Phase 3) is currently Active with GREEN status. Key focus is on schedule and delivery milestone execution.,JIRA-EXPORT-20250322-INIT-005
INIT-006,Technology - API Gateway Modernisation Phase 1,Deliver strategic capabilities for api gateway modernisation to enhance operational resilience and control.,Technology,Project,Scale Technology Enterprise Capabilities,Director of Technology Operations,Lead Delivery Mgr (Technology),Exec Sponsor (Technology),Active,Completed,High,RED,LOW,2025-01-15,2025-11-30,2025-03-20,41.0,1500000.0,1920000.0,2025000.0,2700000.0,ON_TRACK,Expected efficiency gains and risk reduction from API Gateway Modernisation.,HIGH,INIT-005,True,Production Deployment,2025-06-30,VALIDATED,Initiative INIT-006 (Technology - API Gateway Modernisation Phase 1) is currently Active with RED status. Key focus is on schedule and delivery milestone execution.,JIRA-EXPORT-20250322-INIT-006
INIT-007,Data - Enterprise Metadata Catalog Phase 2,Deliver strategic capabilities for enterprise metadata catalog to enhance operational resilience and control.,Data,Programme,Scale Data Enterprise Capabilities,Director of Data Operations,Lead Delivery Mgr (Data),Exec Sponsor (Data),Active,Completed,High,AMBER,MEDIUM,2025-01-15,2025-11-30,2025-03-20,57.0,1080000.0,1566000.0,1209600.0,1944000.0,ON_TRACK,Expected efficiency gains and risk reduction from Enterprise Metadata Catalog.,MEDIUM,INIT-006,False,Production Deployment,2025-06-30,EXCEPTIONS_FOUND,Initiative INIT-007 (Data - Enterprise Metadata Catalog Phase 2) is currently Active with AMBER status. Key focus is on schedule and delivery milestone execution.,JIRA-EXPORT-20250322-INIT-007
INIT-008,AI - Automated Document Processing Phase 3,Deliver strategic capabilities for automated document processing to enhance operational resilience and control.,AI,Project,Scale AI Enterprise Capabilities,Director of AI Operations,Lead Delivery Mgr (AI),Exec Sponsor (AI),Active,Completed,Medium,GREEN,HIGH,2025-01-15,2025-11-30,2025-03-20,48.0,1180000.0,538080.0,1180000.0,2124000.0,ON_TRACK,Expected efficiency gains and risk reduction from Automated Document Processing.,LOW,INIT-007,False,Production Deployment,2025-06-30,VALIDATED,Initiative INIT-008 (AI - Automated Document Processing Phase 3) is currently Active with GREEN status. Key focus is on schedule and delivery milestone execution.,JIRA-EXPORT-20250322-INIT-008
INIT-009,Cyber Security - Vulnerability Management System Phase 1,Deliver strategic capabilities for vulnerability management system to enhance operational resilience and control.,Cyber Security,Programme,Scale Cyber Security Enterprise Capabilities,Director of Cyber Security Operations,Lead Delivery Mgr (Cyber Security),Exec Sponsor (Cyber Security),Active,Completed,Medium,GREEN,HIGH,2025-01-15,2025-11-30,2025-03-20,49.0,1215000.0,565582.5,1215000.0,2187000.0,ON_TRACK,Expected efficiency gains and risk reduction from Vulnerability Management System.,LOW,INIT-008,False,Production Deployment,2025-06-30,VALIDATED,Initiative INIT-009 (Cyber Security - Vulnerability Management System Phase 1) is currently Active with GREEN status. Key focus is on schedule and delivery milestone execution.,JIRA-EXPORT-20250322-INIT-009
INIT-010,Fraud Prevention - Card Fraud Scoring Model Phase 2,Deliver strategic capabilities for card fraud scoring model to enhance operational resilience and control.,Fraud Prevention,Project,Scale Fraud Prevention Enterprise Capabilities,Director of Fraud Prevention Operations,Lead Delivery Mgr (Fraud Prevention),Exec Sponsor (Fraud Prevention),Active,Completed,Medium,GREEN,HIGH,2025-01-15,2025-11-30,2025-03-20,50.0,1250000.0,593750.0,1250000.0,2250000.0,ON_TRACK,Expected efficiency gains and risk reduction from Card Fraud Scoring Model.,LOW,INIT-009,False,Production Deployment,2025-06-30,VALIDATED,Initiative INIT-010 (Fraud Prevention - Card Fraud Scoring Model Phase 2) is currently Active with GREEN status. Key focus is on schedule and delivery milestone execution.,JIRA-EXPORT-20250322-INIT-010
INIT-011,Technology - API Gateway Modernisation Phase 3,Deliver strategic capabilities for api gateway modernisation to enhance operational resilience and control.,Technology,Programme,Scale Technology Enterprise Capabilities,Director of Technology Operations,Lead Delivery Mgr (Technology),Exec Sponsor (Technology),Active,Completed,High,RED,LOW,2025-01-15,2025-11-30,2025-03-20,46.0,1750000.0,2240000.0,2362500.0,3150000.0,ON_TRACK,Expected efficiency gains and risk reduction from API Gateway Modernisation.,HIGH,INIT-010,True,Production Deployment,2025-06-30,VALIDATED,Initiative INIT-011 (Technology - API Gateway Modernisation Phase 3) is currently Active with RED status. Key focus is on schedule and delivery milestone execution.,JIRA-EXPORT-20250322-INIT-011
INIT-012,Data - Enterprise Metadata Catalog Phase 1,Deliver strategic capabilities for enterprise metadata catalog to enhance operational resilience and control.,Data,Project,Scale Data Enterprise Capabilities,,Lead Delivery Mgr (Data),Exec Sponsor (Data),Active,Completed,High,AMBER,MEDIUM,2025-01-15,2025-11-30,2025-03-20,62.0,1280000.0,1408000.0,1433600.0,2304000.0,ON_TRACK,Expected efficiency gains and risk reduction from Enterprise Metadata Catalog.,MEDIUM,INIT-011,False,Production Deployment,2025-06-30,EXCEPTIONS_FOUND,Initiative INIT-012 (Data - Enterprise Metadata Catalog Phase 1) is currently Active with AMBER status. Key focus is on schedule and delivery milestone execution.,JIRA-EXPORT-20250322-INIT-012
INIT-013,AI - Automated Document Processing Phase 2,Deliver strategic capabilities for automated document processing to enhance operational resilience and control.,AI,Programme,Scale AI Enterprise Capabilities,Director of AI Operations,Lead Delivery Mgr (AI),Exec Sponsor (AI),Active,Completed,Medium,GREEN,HIGH,2025-01-15,2025-11-30,2025-03-20,53.0,1355000.0,682242.5,1355000.0,2439000.0,ON_TRACK,Expected efficiency gains and risk reduction from Automated Document Processing.,LOW,INIT-012,False,Production Deployment,2025-06-30,VALIDATED,Initiative INIT-013 (AI - Automated Document Processing Phase 2) is currently Active with GREEN status. Key focus is on schedule and delivery milestone execution.,JIRA-EXPORT-20250322-INIT-013
INIT-014,Cyber Security - Vulnerability Management System Phase 3,Deliver strategic capabilities for vulnerability management system to enhance operational resilience and control.,Cyber Security,Project,Scale Cyber Security Enterprise Capabilities,Director of Cyber Security Operations,Lead Delivery Mgr (Cyber Security),Exec Sponsor (Cyber Security),Active,Completed,Medium,GREEN,HIGH,2025-01-15,2025-11-30,2025-03-20,54.0,1390000.0,713070.0,1390000.0,2502000.0,ON_TRACK,Expected efficiency gains and risk reduction from Vulnerability Management System.,LOW,INIT-013,False,Production Deployment,2025-06-30,VALIDATED,Initiative INIT-014 (Cyber Security - Vulnerability Management System Phase 3) is currently Active with GREEN status. Key focus is on schedule and delivery milestone execution.,JIRA-EXPORT-20250322-INIT-014
INIT-015,Fraud Prevention - Card Fraud Scoring Model Phase 1,Deliver strategic capabilities for card fraud scoring model to enhance operational resilience and control.,Fraud Prevention,Programme,Scale Fraud Prevention Enterprise Capabilities,Director of Fraud Prevention Operations,Lead Delivery Mgr (Fraud Prevention),Exec Sponsor (Fraud Prevention),Active,Completed,Medium,GREEN,HIGH,2025-01-15,2025-11-30,2025-03-20,55.0,1425000.0,744562.5,1425000.0,2565000.0,ON_TRACK,Expected efficiency gains and risk reduction from Card Fraud Scoring Model.,LOW,INIT-014,False,Production Deployment,2025-02-15,EXCEPTIONS_FOUND,Initiative INIT-015 (Fraud Prevention - Card Fraud Scoring Model Phase 1) is currently Active with GREEN status. Key focus is on schedule and delivery milestone execution.,JIRA-EXPORT-20250322-INIT-015
INIT-016,Technology - API Gateway Modernisation Phase 2,Deliver strategic capabilities for api gateway modernisation to enhance operational resilience and control.,Technology,Project,Scale Technology Enterprise Capabilities,Director of Technology Operations,Lead Delivery Mgr (Technology),Exec Sponsor (Technology),Active,Completed,High,RED,LOW,2025-01-15,2025-11-30,2025-03-20,36.0,2000000.0,2560000.0,2700000.0,3600000.0,ON_TRACK,Expected efficiency gains and risk reduction from API Gateway Modernisation.,HIGH,INIT-015,True,Production Deployment,2025-06-30,VALIDATED,Initiative INIT-016 (Technology - API Gateway Modernisation Phase 2) is currently Active with RED status. Key focus is on schedule and delivery milestone execution.,JIRA-EXPORT-20250322-INIT-016
INIT-017,Data - Enterprise Metadata Catalog Phase 3,Deliver strategic capabilities for enterprise metadata catalog to enhance operational resilience and control.,Data,Programme,Scale Data Enterprise Capabilities,Director of Data Operations,Lead Delivery Mgr (Data),Exec Sponsor (Data),Active,Completed,High,AMBER,MEDIUM,2025-01-15,2025-11-30,2025-03-20,67.0,1480000.0,1628000.0,1657600.0,2664000.0,ON_TRACK,Expected efficiency gains and risk reduction from Enterprise Metadata Catalog.,MEDIUM,INIT-016,False,Production Deployment,2025-06-30,VALIDATED,Initiative INIT-017 (Data - Enterprise Metadata Catalog Phase 3) is currently Active with AMBER status. Key focus is on schedule and delivery milestone execution.,JIRA-EXPORT-20250322-INIT-017
INIT-018,AI - Automated Document Processing Phase 1,Deliver strategic capabilities for automated document processing to enhance operational resilience and control.,AI,Project,Scale AI Enterprise Capabilities,Director of AI Operations,Lead Delivery Mgr (AI),Exec Sponsor (AI),Active,Completed,Medium,GREEN,HIGH,2025-01-15,2025-11-30,2025-03-20,58.0,1530000.0,843030.0,1530000.0,2754000.0,ON_TRACK,Expected efficiency gains and risk reduction from Automated Document Processing.,LOW,INIT-017,False,Production Deployment,2025-06-30,VALIDATED,Initiative INIT-018 (AI - Automated Document Processing Phase 1) is currently Active with GREEN status. Key focus is on schedule and delivery milestone execution.,JIRA-EXPORT-20250322-INIT-018
INIT-019,Cyber Security - Vulnerability Management System Phase 2,Deliver strategic capabilities for vulnerability management system to enhance operational resilience and control.,Cyber Security,Programme,Scale Cyber Security Enterprise Capabilities,Director of Cyber Security Operations,Lead Delivery Mgr (Cyber Security),Exec Sponsor (Cyber Security),Active,Completed,Medium,GREEN,HIGH,2025-12-01,2025-06-30,2025-03-20,59.0,1565000.0,877182.5,1565000.0,2817000.0,ON_TRACK,Expected efficiency gains and risk reduction from Vulnerability Management System.,LOW,INIT-018,False,Production Deployment,2025-06-30,EXCEPTIONS_FOUND,Initiative INIT-019 (Cyber Security - Vulnerability Management System Phase 2) is currently Active with GREEN status. Key focus is on schedule and delivery milestone execution.,JIRA-EXPORT-20250322-INIT-019
INIT-020,Fraud Prevention - Card Fraud Scoring Model Phase 3,Deliver strategic capabilities for card fraud scoring model to enhance operational resilience and control.,Fraud Prevention,Project,Scale Fraud Prevention Enterprise Capabilities,Director of Fraud Prevention Operations,Lead Delivery Mgr (Fraud Prevention),Exec Sponsor (Fraud Prevention),Active,Completed,Medium,GREEN,HIGH,2025-01-15,2025-11-30,2025-03-20,60.0,1600000.0,912000.0,1600000.0,2880000.0,ON_TRACK,Expected efficiency gains and risk reduction from Card Fraud Scoring Model.,LOW,INIT-019,False,Production Deployment,2025-06-30,VALIDATED,Initiative INIT-020 (Fraud Prevention - Card Fraud Scoring Model Phase 3) is currently Active with GREEN status. Key focus is on schedule and delivery milestone execution.,JIRA-EXPORT-20250322-INIT-020
INIT-021,Technology - API Gateway Modernisation Phase 1,Deliver strategic capabilities for api gateway modernisation to enhance operational resilience and control.,Technology,Programme,Scale Technology Enterprise Capabilities,Director of Technology Operations,Lead Delivery Mgr (Technology),Exec Sponsor (Technology),Active,Completed,High,RED,LOW,2025-01-15,2025-11-30,2025-03-20,41.0,2250000.0,2880000.0,3037500.0,4050000.0,ON_TRACK,Expected efficiency gains and risk reduction from API Gateway Modernisation.,HIGH,INIT-020,True,Production Deployment,2025-06-30,VALIDATED,Initiative INIT-021 (Technology - API Gateway Modernisation Phase 1) is currently Active with RED status. Key focus is on schedule and delivery milestone execution.,JIRA-EXPORT-20250322-INIT-021
INIT-022,Data - Enterprise Metadata Catalog Phase 2,Deliver strategic capabilities for enterprise metadata catalog to enhance operational resilience and control.,Data,Project,Scale Data Enterprise Capabilities,Director of Data Operations,Lead Delivery Mgr (Data),Exec Sponsor (Data),Active,Completed,High,AMBER,MEDIUM,2025-01-15,2025-11-30,2025-03-20,52.0,1680000.0,1848000.0,1881600.0,3024000.0,ON_TRACK,Expected efficiency gains and risk reduction from Enterprise Metadata Catalog.,MEDIUM,INIT-021,False,Production Deployment,2025-06-30,VALIDATED,Initiative INIT-022 (Data - Enterprise Metadata Catalog Phase 2) is currently Active with AMBER status. Key focus is on schedule and delivery milestone execution.,JIRA-EXPORT-20250322-INIT-022
INIT-023,AI - Automated Document Processing Phase 3,Deliver strategic capabilities for automated document processing to enhance operational resilience and control.,AI,Programme,Scale AI Enterprise Capabilities,Director of AI Operations,Lead Delivery Mgr (AI),Exec Sponsor (AI),Active,Completed,Medium,GREEN,HIGH,2025-01-15,2025-11-30,2025-03-20,63.0,1705000.0,1020442.5,1705000.0,3069000.0,ON_TRACK,Expected efficiency gains and risk reduction from Automated Document Processing.,LOW,INIT-022,False,Production Deployment,2025-06-30,VALIDATED,Initiative INIT-023 (AI - Automated Document Processing Phase 3) is currently Active with GREEN status. Key focus is on schedule and delivery milestone execution.,JIRA-EXPORT-20250322-INIT-023
INIT-024,Cyber Security - Vulnerability Management System Phase 1,Deliver strategic capabilities for vulnerability management system to enhance operational resilience and control.,Cyber Security,Project,Scale Cyber Security Enterprise Capabilities,Director of Cyber Security Operations,Lead Delivery Mgr (Cyber Security),Exec Sponsor (Cyber Security),Active,Completed,Medium,GREEN,HIGH,2025-01-15,2025-11-30,2025-01-10,64.0,1740000.0,1057920.0,1740000.0,3132000.0,ON_TRACK,Expected efficiency gains and risk reduction from Vulnerability Management System.,LOW,INIT-023,False,Production Deployment,2025-06-30,EXCEPTIONS_FOUND,Initiative INIT-024 (Cyber Security - Vulnerability Management System Phase 1) is currently Active with GREEN status. Key focus is on schedule and delivery milestone execution.,JIRA-EXPORT-20250322-INIT-024
INIT-025,Fraud Prevention - Card Fraud Scoring Model Phase 2,Deliver strategic capabilities for card fraud scoring model to enhance operational resilience and control.,Fraud Prevention,Programme,Scale Fraud Prevention Enterprise Capabilities,Director of Fraud Prevention Operations,Lead Delivery Mgr (Fraud Prevention),Exec Sponsor (Fraud Prevention),Active,Completed,Medium,GREEN,HIGH,2025-01-15,2025-11-30,2025-03-20,65.0,1775000.0,1096062.5,1775000.0,3195000.0,ON_TRACK,Expected efficiency gains and risk reduction from Card Fraud Scoring Model.,LOW,INIT-024,False,Production Deployment,2025-06-30,VALIDATED,Initiative INIT-025 (Fraud Prevention - Card Fraud Scoring Model Phase 2) is currently Active with GREEN status. Key focus is on schedule and delivery milestone execution.,JIRA-EXPORT-20250322-INIT-025
INIT-026,Technology - API Gateway Modernisation Phase 3,Deliver strategic capabilities for api gateway modernisation to enhance operational resilience and control.,Technology,Project,Scale Technology Enterprise Capabilities,Director of Technology Operations,Lead Delivery Mgr (Technology),Exec Sponsor (Technology),Active,Completed,High,AMBER,MEDIUM,2025-01-15,2025-11-30,2025-03-20,56.0,1840000.0,2024000.0,2060800.0,3312000.0,ON_TRACK,Expected efficiency gains and risk reduction from API Gateway Modernisation.,MEDIUM,INIT-025,False,Production Deployment,2025-06-30,VALIDATED,Initiative INIT-026 (Technology - API Gateway Modernisation Phase 3) is currently Active with AMBER status. Key focus is on schedule and delivery milestone execution.,JIRA-EXPORT-20250322-INIT-026
INIT-027,Data - Enterprise Metadata Catalog Phase 1,Deliver strategic capabilities for enterprise metadata catalog to enhance operational resilience and control.,Data,Programme,Scale Data Enterprise Capabilities,Director of Data Operations,Lead Delivery Mgr (Data),Exec Sponsor (Data),Active,Completed,Medium,GREEN,HIGH,2025-01-15,2025-11-30,2025-03-20,67.0,1845000.0,1174342.5,1845000.0,3321000.0,ON_TRACK,Expected efficiency gains and risk reduction from Enterprise Metadata Catalog.,LOW,INIT-026,False,Production Deployment,2025-06-30,VALIDATED,Initiative INIT-027 (Data - Enterprise Metadata Catalog Phase 1) is currently Active with GREEN status. Key focus is on schedule and delivery milestone execution.,JIRA-EXPORT-20250322-INIT-027
INIT-028,AI - Automated Document Processing Phase 2,Deliver strategic capabilities for automated document processing to enhance operational resilience and control.,AI,Project,Scale AI Enterprise Capabilities,Director of AI Operations,Lead Delivery Mgr (AI),Exec Sponsor (AI),Active,Completed,Medium,GREEN,HIGH,2025-01-15,2025-11-30,2025-03-20,68.0,1880000.0,1214480.0,1880000.0,3384000.0,ON_TRACK,Expected efficiency gains and risk reduction from Automated Document Processing.,LOW,INIT-027,False,Production Deployment,2025-06-30,VALIDATED,Initiative INIT-028 (AI - Automated Document Processing Phase 2) is currently Active with GREEN status. Key focus is on schedule and delivery milestone execution.,JIRA-EXPORT-20250322-INIT-028
INIT-029,Cyber Security - Vulnerability Management System Phase 3,Deliver strategic capabilities for vulnerability management system to enhance operational resilience and control.,Cyber Security,Programme,Scale Cyber Security Enterprise Capabilities,Director of Cyber Security Operations,Lead Delivery Mgr (Cyber Security),Exec Sponsor (Cyber Security),Active,Completed,Medium,GREEN,HIGH,2025-01-15,2025-11-30,2025-03-20,69.0,1915000.0,1255282.5,1915000.0,3447000.0,ON_TRACK,Expected efficiency gains and risk reduction from Vulnerability Management System.,LOW,INIT-028,False,Production Deployment,2025-06-30,VALIDATED,Initiative INIT-029 (Cyber Security - Vulnerability Management System Phase 3) is currently Active with GREEN status. Key focus is on schedule and delivery milestone execution.,JIRA-EXPORT-20250322-INIT-029
INIT-030,Fraud Prevention - Card Fraud Scoring Model Phase 1,Deliver strategic capabilities for card fraud scoring model to enhance operational resilience and control.,Fraud Prevention,Project,Scale Fraud Prevention Enterprise Capabilities,Director of Fraud Prevention Operations,Lead Delivery Mgr (Fraud Prevention),Exec Sponsor (Fraud Prevention),Active,Completed,Medium,GREEN,HIGH,2025-01-15,2025-11-30,2025-03-20,70.0,1950000.0,1296750.0,1950000.0,3510000.0,ON_TRACK,Expected efficiency gains and risk reduction from Card Fraud Scoring Model.,LOW,INIT-029,False,Production Deployment,2025-06-30,VALIDATED,Initiative INIT-030 (Fraud Prevention - Card Fraud Scoring Model Phase 1) is currently Active with GREEN status. Key focus is on schedule and delivery milestone execution.,JIRA-EXPORT-20250322-INIT-030
INIT-031,Technology - API Gateway Modernisation Phase 2,Deliver strategic capabilities for api gateway modernisation to enhance operational resilience and control.,Technology,Programme,Scale Technology Enterprise Capabilities,Director of Technology Operations,Lead Delivery Mgr (Technology),Exec Sponsor (Technology),Active,Completed,High,AMBER,MEDIUM,2025-01-15,2025-11-30,2025-03-20,61.0,2040000.0,2244000.0,2284800.0,3672000.0,ON_TRACK,Expected efficiency gains and risk reduction from API Gateway Modernisation.,MEDIUM,INIT-030,False,Production Deployment,2025-06-30,VALIDATED,Initiative INIT-031 (Technology - API Gateway Modernisation Phase 2) is currently Active with AMBER status. Key focus is on schedule and delivery milestone execution.,JIRA-EXPORT-20250322-INIT-031
INIT-032,Data - Enterprise Metadata Catalog Phase 3,Deliver strategic capabilities for enterprise metadata catalog to enhance operational resilience and control.,Data,Project,Scale Data Enterprise Capabilities,Director of Data Operations,Lead Delivery Mgr (Data),Exec Sponsor (Data),Active,Completed,Medium,GREEN,HIGH,2025-01-15,2025-11-30,2025-03-20,72.0,2020000.0,1381680.0,2020000.0,3636000.0,ON_TRACK,Expected efficiency gains and risk reduction from Enterprise Metadata Catalog.,LOW,INIT-031,False,Production Deployment,2025-06-30,VALIDATED,Initiative INIT-032 (Data - Enterprise Metadata Catalog Phase 3) is currently Active with GREEN status. Key focus is on schedule and delivery milestone execution.,JIRA-EXPORT-20250322-INIT-032
INIT-033,AI - Automated Document Processing Phase 1,Deliver strategic capabilities for automated document processing to enhance operational resilience and control.,AI,Programme,Scale AI Enterprise Capabilities,Director of AI Operations,Lead Delivery Mgr (AI),Exec Sponsor (AI),Active,Completed,Medium,GREEN,HIGH,2025-01-15,2025-11-30,2025-03-20,73.0,2055000.0,1425142.5,2055000.0,3699000.0,ON_TRACK,Expected efficiency gains and risk reduction from Automated Document Processing.,LOW,INIT-999,False,Production Deployment,2025-06-30,EXCEPTIONS_FOUND,Initiative INIT-033 (AI - Automated Document Processing Phase 1) is currently Active with GREEN status. Key focus is on schedule and delivery milestone execution.,JIRA-EXPORT-20250322-INIT-033
INIT-034,Cyber Security - Vulnerability Management System Phase 2,Deliver strategic capabilities for vulnerability management system to enhance operational resilience and control.,Cyber Security,Project,Scale Cyber Security Enterprise Capabilities,Director of Cyber Security Operations,Lead Delivery Mgr (Cyber Security),Exec Sponsor (Cyber Security),Active,Completed,Medium,GREEN,HIGH,2025-01-15,2025-11-30,2025-03-20,74.0,2090000.0,1469270.0,2090000.0,3762000.0,ON_TRACK,Expected efficiency gains and risk reduction from Vulnerability Management System.,LOW,INIT-033,False,Production Deployment,2025-06-30,VALIDATED,Initiative INIT-034 (Cyber Security - Vulnerability Management System Phase 2) is currently Active with GREEN status. Key focus is on schedule and delivery milestone execution.,JIRA-EXPORT-20250322-INIT-034
INIT-035,Fraud Prevention - Card Fraud Scoring Model Phase 3,Deliver strategic capabilities for card fraud scoring model to enhance operational resilience and control.,Fraud Prevention,Programme,Scale Fraud Prevention Enterprise Capabilities,Director of Fraud Prevention Operations,Lead Delivery Mgr (Fraud Prevention),Exec Sponsor (Fraud Prevention),Active,Completed,Medium,GREEN,HIGH,2025-01-15,2025-11-30,2025-03-20,75.0,2125000.0,1514062.5,2125000.0,3825000.0,ON_TRACK,Expected efficiency gains and risk reduction from Card Fraud Scoring Model.,LOW,INIT-034,False,Production Deployment,2025-06-30,VALIDATED,Initiative INIT-035 (Fraud Prevention - Card Fraud Scoring Model Phase 3) is currently Active with GREEN status. Key focus is on schedule and delivery milestone execution.,JIRA-EXPORT-20250322-INIT-035
INIT-036,Technology - API Gateway Modernisation Phase 1,Deliver strategic capabilities for api gateway modernisation to enhance operational resilience and control.,Technology,Project,Scale Technology Enterprise Capabilities,Director of Technology Operations,Lead Delivery Mgr (Technology),Exec Sponsor (Technology),Active,Completed,High,AMBER,MEDIUM,2025-01-15,2025-11-30,2025-03-20,66.0,2240000.0,2464000.0,2508800.0,4032000.0,ON_TRACK,Expected efficiency gains and risk reduction from API Gateway Modernisation.,MEDIUM,INIT-035,False,Production Deployment,2025-06-30,VALIDATED,Initiative INIT-036 (Technology - API Gateway Modernisation Phase 1) is currently Active with AMBER status. Key focus is on schedule and delivery milestone execution.,JIRA-EXPORT-20250322-INIT-036
INIT-037,Data - Enterprise Metadata Catalog Phase 2,Deliver strategic capabilities for enterprise metadata catalog to enhance operational resilience and control.,Data,Programme,Scale Data Enterprise Capabilities,Director of Data Operations,Lead Delivery Mgr (Data),Exec Sponsor (Data),Approved,Completed,Medium,GREEN,HIGH,2025-01-15,2025-11-30,2025-03-20,5.0,1675000.0,15000.0,1675000.0,3015000.0,NOT_DEFINED,Expected efficiency gains and risk reduction from Enterprise Metadata Catalog.,LOW,INIT-036,False,Production Deployment,2025-06-30,VALIDATED,Initiative INIT-037 (Data - Enterprise Metadata Catalog Phase 2) is currently Approved with GREEN status. Key focus is on schedule and delivery milestone execution.,JIRA-EXPORT-20250322-INIT-037
INIT-038,AI - Automated Document Processing Phase 3,Deliver strategic capabilities for automated document processing to enhance operational resilience and control.,AI,Project,Scale AI Enterprise Capabilities,Director of AI Operations,Lead Delivery Mgr (AI),Exec Sponsor (AI),Approved,Completed,Medium,GREEN,HIGH,2025-01-15,2025-11-30,2025-03-20,5.0,1700000.0,15000.0,1700000.0,3060000.0,NOT_DEFINED,Expected efficiency gains and risk reduction from Automated Document Processing.,LOW,INIT-037,False,Production Deployment,2025-06-30,VALIDATED,Initiative INIT-038 (AI - Automated Document Processing Phase 3) is currently Approved with GREEN status. Key focus is on schedule and delivery milestone execution.,JIRA-EXPORT-20250322-INIT-038
INIT-039,Cyber Security - Vulnerability Management System Phase 1,Deliver strategic capabilities for vulnerability management system to enhance operational resilience and control.,Cyber Security,Programme,Scale Cyber Security Enterprise Capabilities,Director of Cyber Security Operations,Lead Delivery Mgr (Cyber Security),Exec Sponsor (Cyber Security),Approved,Completed,Medium,GREEN,HIGH,2025-01-15,2025-11-30,2025-03-20,5.0,1725000.0,15000.0,1725000.0,3105000.0,NOT_DEFINED,Expected efficiency gains and risk reduction from Vulnerability Management System.,LOW,INIT-038,False,Production Deployment,2025-06-30,VALIDATED,Initiative INIT-039 (Cyber Security - Vulnerability Management System Phase 1) is currently Approved with GREEN status. Key focus is on schedule and delivery milestone execution.,JIRA-EXPORT-20250322-INIT-039
INIT-040,Fraud Prevention - Card Fraud Scoring Model Phase 2,Deliver strategic capabilities for card fraud scoring model to enhance operational resilience and control.,Fraud Prevention,Project,Scale Fraud Prevention Enterprise Capabilities,Director of Fraud Prevention Operations,Lead Delivery Mgr (Fraud Prevention),Exec Sponsor (Fraud Prevention),Approved,Completed,Medium,GREEN,HIGH,2025-01-15,2025-11-30,2025-03-20,5.0,1750000.0,15000.0,1750000.0,3150000.0,NOT_DEFINED,Expected efficiency gains and risk reduction from Card Fraud Scoring Model.,LOW,INIT-039,False,Production Deployment,2025-06-30,VALIDATED,Initiative INIT-040 (Fraud Prevention - Card Fraud Scoring Model Phase 2) is currently Approved with GREEN status. Key focus is on schedule and delivery milestone execution.,JIRA-EXPORT-20250322-INIT-040
INIT-041,Technology - API Gateway Modernisation Phase 3,Deliver strategic capabilities for api gateway modernisation to enhance operational resilience and control.,Technology,Programme,Scale Technology Enterprise Capabilities,Director of Technology Operations,Lead Delivery Mgr (Technology),Exec Sponsor (Technology),Shaping,Governance_Gate,Medium,GREEN,HIGH,2025-01-15,2025-11-30,2025-03-20,15.0,1830000.0,45000.0,1830000.0,3294000.0,NOT_DEFINED,Expected efficiency gains and risk reduction from API Gateway Modernisation.,MEDIUM,INIT-040,True,Stage Gate Approval,2025-06-30,VALIDATED,Initiative INIT-041 (Technology - API Gateway Modernisation Phase 3) is currently Shaping with GREEN status. Key focus is on schedule and delivery milestone execution.,JIRA-EXPORT-20250322-INIT-041
INIT-042,Data - Enterprise Metadata Catalog Phase 1,Deliver strategic capabilities for enterprise metadata catalog to enhance operational resilience and control.,Data,Project,Scale Data Enterprise Capabilities,Director of Data Operations,Lead Delivery Mgr (Data),Exec Sponsor (Data),Shaping,Governance_Gate,Medium,GREEN,HIGH,2025-01-15,2025-11-30,2025-03-20,15.0,1860000.0,45000.0,1860000.0,0.0,NOT_DEFINED,Expected efficiency gains and risk reduction from Enterprise Metadata Catalog.,MEDIUM,INIT-041,True,Stage Gate Approval,2025-06-30,EXCEPTIONS_FOUND,Initiative INIT-042 (Data - Enterprise Metadata Catalog Phase 1) is currently Shaping with GREEN status. Key focus is on schedule and delivery milestone execution.,JIRA-EXPORT-20250322-INIT-042
INIT-043,AI - Automated Document Processing Phase 2,Deliver strategic capabilities for automated document processing to enhance operational resilience and control.,AI,Programme,Scale AI Enterprise Capabilities,Director of AI Operations,Lead Delivery Mgr (AI),Exec Sponsor (AI),Shaping,Governance_Gate,Medium,GREEN,HIGH,2025-01-15,2025-11-30,2025-03-20,15.0,1890000.0,45000.0,1890000.0,3402000.0,NOT_DEFINED,Expected efficiency gains and risk reduction from Automated Document Processing.,MEDIUM,INIT-042,True,Stage Gate Approval,2025-06-30,VALIDATED,Initiative INIT-043 (AI - Automated Document Processing Phase 2) is currently Shaping with GREEN status. Key focus is on schedule and delivery milestone execution.,JIRA-EXPORT-20250322-INIT-043
INIT-044,Cyber Security - Vulnerability Management System Phase 3,Deliver strategic capabilities for vulnerability management system to enhance operational resilience and control.,Cyber Security,Project,Scale Cyber Security Enterprise Capabilities,Director of Cyber Security Operations,Lead Delivery Mgr (Cyber Security),Exec Sponsor (Cyber Security),Shaping,Governance_Gate,Medium,GREEN,HIGH,2025-01-15,2025-11-30,2025-03-20,15.0,1920000.0,45000.0,1920000.0,3456000.0,NOT_DEFINED,Expected efficiency gains and risk reduction from Vulnerability Management System.,MEDIUM,INIT-043,True,Stage Gate Approval,2025-06-30,VALIDATED,Initiative INIT-044 (Cyber Security - Vulnerability Management System Phase 3) is currently Shaping with GREEN status. Key focus is on schedule and delivery milestone execution.,JIRA-EXPORT-20250322-INIT-044
INIT-045,Fraud Prevention - Card Fraud Scoring Model Phase 1,Deliver strategic capabilities for card fraud scoring model to enhance operational resilience and control.,Fraud Prevention,Programme,Scale Fraud Prevention Enterprise Capabilities,Director of Fraud Prevention Operations,Lead Delivery Mgr (Fraud Prevention),Exec Sponsor (Fraud Prevention),Shaping,Governance_Gate,Medium,GREEN,HIGH,2025-01-15,2025-11-30,2025-03-20,15.0,1950000.0,45000.0,1950000.0,3510000.0,NOT_DEFINED,Expected efficiency gains and risk reduction from Card Fraud Scoring Model.,MEDIUM,INIT-044,True,Stage Gate Approval,2025-06-30,VALIDATED,Initiative INIT-045 (Fraud Prevention - Card Fraud Scoring Model Phase 1) is currently Shaping with GREEN status. Key focus is on schedule and delivery milestone execution.,JIRA-EXPORT-20250322-INIT-045
INIT-046,Technology - API Gateway Modernisation Phase 2,Deliver strategic capabilities for api gateway modernisation to enhance operational resilience and control.,Technology,Project,Scale Technology Enterprise Capabilities,Director of Technology Operations,Lead Delivery Mgr (Technology),Exec Sponsor (Technology),Closed,Completed,Medium,GREEN,HIGH,2025-01-15,2025-11-30,2025-03-20,100.0,1420000.0,1391600.0,1391600.0,2556000.0,NOT_DEFINED,Expected efficiency gains and risk reduction from API Gateway Modernisation.,LOW,INIT-045,False,Production Deployment,2025-06-30,VALIDATED,Initiative INIT-046 (Technology - API Gateway Modernisation Phase 2) is currently Closed with GREEN status. Key focus is on schedule and delivery milestone execution.,JIRA-EXPORT-20250322-INIT-046
INIT-047,Data - Enterprise Metadata Catalog Phase 3,Deliver strategic capabilities for enterprise metadata catalog to enhance operational resilience and control.,Data,Programme,Scale Data Enterprise Capabilities,Director of Data Operations,Lead Delivery Mgr (Data),Exec Sponsor (Data),Closed,Completed,Medium,GREEN,HIGH,2025-01-15,2025-11-30,2025-03-20,100.0,1440000.0,1411200.0,1411200.0,2592000.0,NOT_DEFINED,Expected efficiency gains and risk reduction from Enterprise Metadata Catalog.,LOW,INIT-046,False,Production Deployment,2025-06-30,VALIDATED,Initiative INIT-047 (Data - Enterprise Metadata Catalog Phase 3) is currently Closed with GREEN status. Key focus is on schedule and delivery milestone execution.,JIRA-EXPORT-20250322-INIT-047
INIT-048,AI - Automated Document Processing Phase 1,Deliver strategic capabilities for automated document processing to enhance operational resilience and control.,AI,Project,Scale AI Enterprise Capabilities,Director of AI Operations,Lead Delivery Mgr (AI),Exec Sponsor (AI),Closed,Completed,Medium,GREEN,HIGH,2025-01-15,2025-11-30,2025-03-20,75.0,1460000.0,1430800.0,1430800.0,2628000.0,NOT_DEFINED,Expected efficiency gains and risk reduction from Automated Document Processing.,LOW,INIT-047,False,Production Deployment,2025-06-30,EXCEPTIONS_FOUND,Initiative INIT-048 (AI - Automated Document Processing Phase 1) is currently Closed with GREEN status. Key focus is on schedule and delivery milestone execution.,JIRA-EXPORT-20250322-INIT-048
INIT-049,Cyber Security - Vulnerability Management System Phase 2,Deliver strategic capabilities for vulnerability management system to enhance operational resilience and control.,Cyber Security,Programme,Scale Cyber Security Enterprise Capabilities,Director of Cyber Security Operations,Lead Delivery Mgr (Cyber Security),Exec Sponsor (Cyber Security),Closed,Completed,Medium,GREEN,HIGH,2025-01-15,2025-11-30,2025-03-20,100.0,1480000.0,1450400.0,1450400.0,2664000.0,NOT_DEFINED,Expected efficiency gains and risk reduction from Vulnerability Management System.,LOW,INIT-048,False,Production Deployment,2025-06-30,VALIDATED,Initiative INIT-049 (Cyber Security - Vulnerability Management System Phase 2) is currently Closed with GREEN status. Key focus is on schedule and delivery milestone execution.,JIRA-EXPORT-20250322-INIT-049
INIT-050,Fraud Prevention - Card Fraud Scoring Model Phase 3,Deliver strategic capabilities for card fraud scoring model to enhance operational resilience and control.,Fraud Prevention,Project,Scale Fraud Prevention Enterprise Capabilities,Director of Fraud Prevention Operations,Lead Delivery Mgr (Fraud Prevention),Exec Sponsor (Fraud Prevention),Closed,Completed,Medium,GREEN,HIGH,2025-01-15,2025-11-30,2025-03-20,100.0,1500000.0,1470000.0,1470000.0,2700000.0,NOT_DEFINED,Expected efficiency gains and risk reduction from Card Fraud Scoring Model.,LOW,INIT-049,False,Production Deployment,2025-06-30,VALIDATED,Initiative INIT-050 (Fraud Prevention - Card Fraud Scoring Model Phase 3) is currently Closed with GREEN status. Key focus is on schedule and delivery milestone execution.,JIRA-EXPORT-20250322-INIT-050
